student_id,student_background,student_academic_interests,student_professional_interests,student_previous_work_experience,course,rank,similarity,confidence_percent,answer_yes_no,rationale
student_1,Computer Science,Machine Learning and Data Mining,Software Development and AI Research,Yes,Computer Science,1,0.59,95.0,Yes,The program's focus on advanced areas like artificial intelligence and computer security aligns with my academic and professional interests in machine learning and AI research.
student_1,Computer Science,Machine Learning and Data Mining,Software Development and AI Research,Yes,Artificial Intelligence,2,0.59,95.0,Yes,"The program aligns well with my interests in machine learning and AI, offering specialized areas that can enhance my career in software development and AI research."
student_1,Computer Science,Machine Learning and Data Mining,Software Development and AI Research,Yes,Analytics,3,0.49,95.0,Yes,"The program aligns well with my interest in machine learning and data mining, and it offers practical skills like project management and decision-making that are relevant to my career goals."
student_10,Electrical Engineering,Embedded Systems and AI Hardware,Hardware Design for AI Systems,No,Artificial Intelligence,1,0.49,95.0,Yes,"The program aligns well with my interests in AI and hardware design, especially the focus on ethical considerations which is crucial for developing responsible AI systems."
student_10,Electrical Engineering,Embedded Systems and AI Hardware,Hardware Design for AI Systems,No,Computer Science,2,0.48,95.0,Yes,"The program's focus on cutting-edge areas like AI and computer security aligns well with my interests in embedded systems and AI hardware. Additionally, the project-based curriculum and faculty interactions could provide valuable learning opportunities."
student_10,Electrical Engineering,Embedded Systems and AI Hardware,Hardware Design for AI Systems,No,Engineering,3,0.46,95.0,Yes,"The program aligns well with my academic and professional interests in electrical engineering, particularly in hardware design for AI systems. Additionally, the opportunity to engage in research and collaborate with industry professionals is appealing."
student_11,Psychology,Cognitive Science and Behavioral Research,Human-Computer Interaction and UX Research,Yes,Computer Science,1,0.41,90.0,Yes,"The program's focus on cutting-edge areas like artificial intelligence and computer security aligns with my interests in cognitive science and human-computer interaction. Additionally, the project-based approach and faculty interactions could provide valuable research opportunities."
student_11,Psychology,Cognitive Science and Behavioral Research,Human-Computer Interaction and UX Research,Yes,Engineering,2,0.39,0.0,No,"The program does not align with my academic and professional interests in cognitive science, behavioral research, human-computer interaction, and UX research."
student_11,Psychology,Cognitive Science and Behavioral Research,Human-Computer Interaction and UX Research,Yes,Analytics,3,0.39,80.0,No,The program does not align with my interest in Cognitive Science and Behavioral Research or Human-Computer Interaction. It seems more focused on traditional analytics rather than the intersection of technology and human behavior.
student_12,Economics,Macroeconomics and Development Studies,Economic Policy Analysis,No,Analytics,1,0.37,95.0,Yes,"The program aligns with my interests in data analysis and policy-making, which are closely related to my academic background in economics."
student_12,Economics,Macroeconomics and Development Studies,Economic Policy Analysis,No,Information Systems,2,0.31,0.0,No,"While the program seems relevant to fields like data analysis and policy, my interests lie in macroeconomics and development studies, which do not align closely with the focus on information systems."
student_12,Economics,Macroeconomics and Development Studies,Economic Policy Analysis,No,Artificial Intelligence,3,0.31,0.0,No,"My academic and professional interests are primarily in macroeconomics and economic policy analysis, which do not align with the focus on artificial intelligence and machine learning."
student_13,Architecture,Sustainable Design and Urban Aesthetics,Green Building Design,Yes,Engineering,1,0.42,10.0,No,"While the program offers interesting concentrations, my background is in architecture and my interests lie in sustainable design and urban aesthetics. The focus on engineering seems less aligned with my current professional goals."
student_13,Architecture,Sustainable Design and Urban Aesthetics,Green Building Design,Yes,Geo Science,2,0.33,20.0,No,"My background is in architecture, with a focus on sustainable design and green building practices, which aligns more closely with fields like construction management or environmental engineering. The geoscience program described seems to have more of a geological emphasis that doesn't directly connect to my professional interests."
student_13,Architecture,Sustainable Design and Urban Aesthetics,Green Building Design,Yes,Information Systems,3,0.33,0.0,No,"While the program seems relevant to my career goals, it does not align with my background in architecture and interests in sustainable design. The focus on information systems does not directly contribute to my professional interests in green building design."
student_14,Political Science,International Relations and Governance,Public Policy and Diplomacy,No,Geo Science,1,0.29,10.0,No,"While the program seems interesting, my background and interests lie in political science, international relations, and public policy rather than geoscience."
student_14,Political Science,International Relations and Governance,Public Policy and Diplomacy,No,Engineering,2,0.25,95.0,No,"My academic and professional interests lie in international relations, governance, and public policy. The engineering program at Saint Louis University does not align with my current goals and background in political science."
student_14,Political Science,International Relations and Governance,Public Policy and Diplomacy,No,Artificial Intelligence,3,0.25,20.0,No,"While the program's focus on ethical application of AI is important, my background in political science and interests in international relations do not align with the specific areas of application mentioned."
student_15,Media Studies,Digital Media and Communication Theory,Content Strategy and Journalism,No,Information Systems,1,0.34,90.0,No,"The program's focus on information systems, software development, and analytics doesn't align with my interests in digital media and communication theory. My goal is to develop content strategy and journalism skills."
student_15,Media Studies,Digital Media and Communication Theory,Content Strategy and Journalism,No,Engineering,2,0.31,95.0,No,"My background is in Media Studies with interests in digital media and communication theory, and my professional interest lies in content strategy and journalism. The program described focuses on engineering disciplines which do not align with my academic and career goals."
student_15,Media Studies,Digital Media and Communication Theory,Content Strategy and Journalism,No,Analytics,3,0.28,0.0,No,"The program does not align with my interests in digital media and communication theory, nor does it focus on content strategy or journalism. My background in Media Studies is better suited for a program that directly addresses these areas."
student_16,Mathematics,Applied Math and Theoretical Modeling,Quantitative Finance and Risk Analytics,Yes,Analytics,1,0.45,95.0,Yes,"The program aligns well with my academic and professional interests in applied mathematics and quantitative finance. It offers valuable skills in project management and data communication, which are crucial for my career goals."
student_16,Mathematics,Applied Math and Theoretical Modeling,Quantitative Finance and Risk Analytics,Yes,Engineering,2,0.35,10.0,No,"While the program seems to offer valuable experience and connections, my academic background is in Mathematics and my interests lie in Applied Math and Theoretical Modeling. The program's concentrations are more aligned with traditional engineering rather than the quantitative finance and risk analytics I am interested in."
student_16,Mathematics,Applied Math and Theoretical Modeling,Quantitative Finance and Risk Analytics,Yes,Computer Science,3,0.34,0.0,No,The program does not align with my academic and professional interests in applied mathematics and quantitative finance. The focus on computer science seems distant from my background in mathematics.
student_17,Fine Arts,Visual Communication and Art History,Digital Art and Design Consultancy,No,Engineering,1,0.36,80.0,No,"My academic and professional interests lie in visual communication, art history, and digital art rather than engineering. The program's focus does not align with my career goals."
student_17,Fine Arts,Visual Communication and Art History,Digital Art and Design Consultancy,No,Information Systems,2,0.34,80.0,No,"The program focuses on information systems and software development, which are not aligned with my interests in visual communication and art history or my goal of becoming a digital art and design consultant."
student_17,Fine Arts,Visual Communication and Art History,Digital Art and Design Consultancy,No,Geo Science,3,0.33,0.0,No,"The program does not align with my academic or professional interests in Fine Arts, Visual Communication, and Digital Art. The focus on physics, chemistry, and Earth processes is not relevant to my background."
student_18,Law,Corporate and Intellectual Property Law,Legal Consulting for Startups,Yes,Information Systems,1,0.32,80.0,No,"While the program offers valuable skills, my interests lie in corporate and intellectual property law, not information systems."
student_18,Law,Corporate and Intellectual Property Law,Legal Consulting for Startups,Yes,Artificial Intelligence,2,0.3,0.0,No,"My background is in law and my interests are in corporate and intellectual property law, which do not align with the focus on artificial intelligence and machine learning in this program."
student_18,Law,Corporate and Intellectual Property Law,Legal Consulting for Startups,Yes,Engineering,3,0.3,0.0,No,"While the program seems interesting, my background is in law and my professional interests are in corporate and intellectual property law. The focus on engineering does not align with my career goals."
student_19,Medicine,Public Health and Epidemiology,Healthcare Policy and Management,Yes,Chemistry,1,0.28,95.0,No,"My academic and professional background is in medicine, focusing on public health and healthcare policy. The chemistry program does not align with my current interests and career goals."
student_19,Medicine,Public Health and Epidemiology,Healthcare Policy and Management,Yes,Neurology,2,0.26,0.0,No,"My interests lie in public health, epidemiology, and healthcare policy, which are not directly aligned with the focus on neurological care in this program."
student_19,Medicine,Public Health and Epidemiology,Healthcare Policy and Management,Yes,Artificial Intelligence,3,0.26,20.0,No,"While the program seems interesting, my background in medicine and professional interests in public health and healthcare policy do not align well with the focus on artificial intelligence and machine learning."
student_2,Mechanical Engineering,"Aerospace, and automotive engineering",Aerospace Design and Automation,No,Engineering,1,0.55,95.0,Yes,"The program aligns well with my interests in aerospace and mechanical engineering, and it offers a flexible curriculum that can be tailored to my professional goals."
student_2,Mechanical Engineering,"Aerospace, and automotive engineering",Aerospace Design and Automation,No,Aviation,2,0.4,95.0,Yes,"The program aligns well with my interest in aerospace engineering and would provide specialized knowledge for a leadership role, which is ideal for my career goals."
student_2,Mechanical Engineering,"Aerospace, and automotive engineering",Aerospace Design and Automation,No,Analytics,3,0.34,0.0,No,"The program does not align with my interests in aerospace and automotive engineering, nor does it offer specialized courses in these areas."
student_20,Linguistics,Computational Linguistics and Semantics,Natural Language Processing Research,No,Artificial Intelligence,1,0.37,95.0,Yes,"The program aligns well with my interests in Computational Linguistics and Natural Language Processing, as it focuses on both the theoretical and practical aspects of Artificial Intelligence and Machine Learning."
student_20,Linguistics,Computational Linguistics and Semantics,Natural Language Processing Research,No,Computer Science,2,0.35,95.0,Yes,"The program aligns well with my interests in computational linguistics and natural language processing research, offering courses that cover cutting-edge areas relevant to my academic and professional goals."
student_20,Linguistics,Computational Linguistics and Semantics,Natural Language Processing Research,No,Analytics,3,0.3,0.0,No,"The program focuses on analytics and project management, which do not align with my interests in computational linguistics and natural language processing research."
student_21,Sociology,Social Systems and Inequality Studies,NGO Policy Research and Social Impact,Yes,Analytics,1,0.32,30.0,No,"While the program seems valuable, my background in sociology and interests in social systems and inequality studies align more closely with social sciences programs. The focus on analytics does not directly support my career goal of NGO policy research and social impact."
student_21,Sociology,Social Systems and Inequality Studies,NGO Policy Research and Social Impact,Yes,Information Systems,2,0.29,10.0,No,"While the program covers important aspects, my background in sociology and interests in social systems and inequality don't align well with its focus on information systems."
student_21,Sociology,Social Systems and Inequality Studies,NGO Policy Research and Social Impact,Yes,Engineering,3,0.26,90.0,No,"My background is in sociology with interests in social systems and inequality, and my professional focus is on NGO policy research and social impact. The engineering program does not align with these areas of study and interest."
student_22,Physics,Quantum Mechanics and Computational Physics,Scientific Computing and Research,No,Computer Science,1,0.39,95.0,Yes,"While my academic background is in physics, the program's focus on cutting-edge areas and interdisciplinary applications aligns well with my interests in computational physics and scientific computing."
student_22,Physics,Quantum Mechanics and Computational Physics,Scientific Computing and Research,No,Engineering,2,0.39,90.0,Yes,"The program aligns well with my interest in scientific computing and research, especially given the focus on engineering concentrations that could complement my background in physics."
student_22,Physics,Quantum Mechanics and Computational Physics,Scientific Computing and Research,No,Geo Science,3,0.38,20.0,No,"While the program's focus on Earth processes aligns with my interest in scientific research, my background is in physics and I am more inclined to pursue a program that emphasizes quantum mechanics and computational physics."
student_23,Anthropology,Cultural Anthropology and Field Research,Museum Curation and Cultural Preservation,Yes,Geo Science,1,0.32,0.0,No,The program does not align with my academic and professional interests in cultural anthropology and museum curation. The focus on geoscience seems irrelevant to my current career path.
student_23,Anthropology,Cultural Anthropology and Field Research,Museum Curation and Cultural Preservation,Yes,Philosophy,2,0.3,0.0,No,"The program does not align with my academic and professional interests in cultural anthropology and museum curation. The focus on epistemology, medieval philosophy, and other areas of philosophy do not match my background or career goals."
student_23,Anthropology,Cultural Anthropology and Field Research,Museum Curation and Cultural Preservation,Yes,Chemistry,3,0.3,0.0,No,"While the program seems well-equipped with resources, my background in anthropology and interests in cultural studies and field research do not align with the chemistry focus."
student_24,Statistics,Predictive Modeling and Inference,Data Science and Business Intelligence,Yes,Analytics,1,0.47,95.0,Yes,"The program aligns well with my academic and professional interests in predictive modeling, data science, and business intelligence. It offers a comprehensive curriculum that includes project management and communication skills, which are essential for my career goals."
student_24,Statistics,Predictive Modeling and Inference,Data Science and Business Intelligence,Yes,Information Systems,2,0.39,30.0,No,"While the program seems relevant to my interest in data science, it does not align with my academic background in statistics or my professional interests in predictive modeling and inference. The focus on software development and business intelligence is less aligned with my current career path."
student_24,Statistics,Predictive Modeling and Inference,Data Science and Business Intelligence,Yes,Artificial Intelligence,3,0.38,95.0,Yes,"The program aligns well with my interests in predictive modeling and inference, and it offers a variety of application areas that could complement my work experience in data science."
student_25,Education,Learning Technologies and Pedagogy,Instructional Design,No,Information Systems,1,0.45,0.0,No,"The program's focus on software development and analytics does not align with my interests in learning technologies and pedagogy, nor does it match my professional interest in instructional design."
student_25,Education,Learning Technologies and Pedagogy,Instructional Design,No,Computer Science,2,0.43,85.0,No,"The program does not align with my interests in learning technologies and pedagogy, as well as instructional design. It focuses more on computer science theory and advanced computing areas which are outside of my current academic focus."
student_25,Education,Learning Technologies and Pedagogy,Instructional Design,No,Engineering,3,0.42,95.0,No,The program focuses on engineering concentrations which do not align with my interests in learning technologies and pedagogy or instructional design.
student_26,Environmental Science,Climate Change and Resource Management,Sustainability Consulting,Yes,Geo Science,1,0.45,30.0,No,"While the program's focus on Earth processes aligns with my academic interests, it does not directly address climate change and resource management, which are more closely related to environmental science. Additionally, my previous work experience in sustainability consulting suggests I might benefit more from a program that offers concentrations in those areas."
student_26,Environmental Science,Climate Change and Resource Management,Sustainability Consulting,Yes,Analytics,2,0.35,0.0,No,The program's focus on statistical and analytical techniques does not align with my interests in climate change and resource management.
student_26,Environmental Science,Climate Change and Resource Management,Sustainability Consulting,Yes,Engineering,3,0.32,20.0,No,"While the program seems interesting, my background is in Environmental Science with a focus on Climate Change and Resource Management, which doesn't align well with the engineering concentrations offered."
student_27,Nursing,Patient Care and Clinical Research,Healthcare Administration,Yes,Chemistry,1,0.33,0.0,No,"The program does not align with my academic and professional interests in nursing, patient care, and healthcare administration. It focuses on chemistry rather than the areas where I can contribute and grow."
student_27,Nursing,Patient Care and Clinical Research,Healthcare Administration,Yes,Artificial Intelligence,2,0.29,50.0,No,"My background is in nursing, and while I am interested in technology's role in healthcare, this program focuses heavily on autonomous systems, bioinformatics, data science, and other areas that do not align with my current professional interests in patient care and healthcare administration."
student_27,Nursing,Patient Care and Clinical Research,Healthcare Administration,Yes,Neurology,3,0.28,85.0,No,"While the program offers excellent care and research opportunities, my interest lies more in patient care and clinical research within nursing, rather than specializing in neurology."
student_28,History,Modern History and Archival Research,Academic Research and Writing,No,Engineering,1,0.32,0.0,No,"My background is in history, and the program focuses on engineering disciplines which do not align with my academic or professional interests."
student_28,History,Modern History and Archival Research,Academic Research and Writing,No,Analytics,2,0.31,0.0,No,The program's focus on analytics and statistical techniques does not align with my interests in modern history and archival research.
student_28,History,Modern History and Archival Research,Academic Research and Writing,No,Geo Science,3,0.29,0.0,No,The program does not align with my background in History and my interests in Modern History and Archival Research. There is no concentration that relates to my academic and professional goals.
student_29,Chemistry and Computer Science,Cheminformatics and Computational Chemistry,Drug Discovery and Data Science,Yes,Chemistry,1,0.56,95.0,Yes,"The program aligns well with my academic and professional interests in cheminformatics and computational chemistry, particularly for drug discovery."
student_29,Chemistry and Computer Science,Cheminformatics and Computational Chemistry,Drug Discovery and Data Science,Yes,Geo Science,2,0.47,0.0,No,"The program focuses on geoscience, which does not align with my academic (chemistry and computer science) or professional interests (cheminformatics, computational chemistry, drug discovery, data science)."
student_29,Chemistry and Computer Science,Cheminformatics and Computational Chemistry,Drug Discovery and Data Science,Yes,Analytics,3,0.4,20.0,No,"The program focuses more on general analytics techniques rather than cheminformatics and computational chemistry, which are my specific interests."
student_3,Business Administration,Business Analytics and Finance,Data Analytics for Consulting,Yes,Analytics,1,0.53,95.0,Yes,The program aligns well with my academic and professional interests in business analytics and data analytics for consulting.
student_3,Business Administration,Business Analytics and Finance,Data Analytics for Consulting,Yes,Information Systems,2,0.36,30.0,No,"While the program seems relevant, my primary interests lie in business analytics and finance, which align more closely with a Master of Business Administration."
student_3,Business Administration,Business Analytics and Finance,Data Analytics for Consulting,Yes,Computer Science,3,0.31,0.0,No,"While I have interests in technology and analytics, the program does not align with my background in business administration and my current professional interest in data analytics for consulting."
student_30,Agricultural Engineering,Precision Agriculture and Robotics,AgriTech Innovation and Product Development,Yes,Engineering,1,0.42,95.0,Yes,"The program aligns well with my interest in Precision Agriculture and Robotics, which are subsets of Engineering. The concentration options and the opportunity for research and collaboration make it a perfect fit."
student_30,Agricultural Engineering,Precision Agriculture and Robotics,AgriTech Innovation and Product Development,Yes,Artificial Intelligence,2,0.38,20.0,No,"My background is in Agricultural Engineering with a focus on Precision Agriculture and Robotics, which aligns more closely with my professional interests in AgriTech innovation. The program's emphasis on diverse application areas like Bioinformatics, Data science, Health outcomes, and Natural language processing does not directly relate to my career goals."
student_30,Agricultural Engineering,Precision Agriculture and Robotics,AgriTech Innovation and Product Development,Yes,Analytics,3,0.37,20.0,No,"While the program seems interesting, my background in Agricultural Engineering and focus on Precision Agriculture and Robotics align more closely with other specialized programs. Additionally, I already have work experience that might not be fully utilized in this program."
student_4,Chemistry,Organic and Materials Chemistry,Pharmaceutical Research,Yes,Chemistry,1,0.52,95.0,Yes,"The program offers close mentoring and access to advanced instrumentation, which aligns well with my interests in organic and materials chemistry."
student_4,Chemistry,Organic and Materials Chemistry,Pharmaceutical Research,Yes,Geo Science,2,0.41,0.0,No,"The program does not align with my academic and professional interests in organic and materials chemistry, nor does it offer concentrations that directly relate to pharmaceutical research."
student_4,Chemistry,Organic and Materials Chemistry,Pharmaceutical Research,Yes,Engineering,3,0.31,0.0,No,"The program description does not align with my academic background in chemistry or my interests in organic and materials chemistry. Additionally, the focus on aerospace, mechanical, civil, and electrical engineering does not match my professional interest in pharmaceutical research."
student_5,Civil Engineering,Urban Planning and Sustainable Infrastructure,Environmental Engineering,No,Engineering,1,0.54,95.0,Yes,"The program aligns well with my academic and professional interests in civil engineering, particularly urban planning and sustainable infrastructure. The opportunity to customize the curriculum based on my goals would be highly beneficial."
student_5,Civil Engineering,Urban Planning and Sustainable Infrastructure,Environmental Engineering,No,Geo Science,2,0.46,20.0,No,"While the program covers relevant topics, my interests lie in urban planning and sustainable infrastructure, which align more closely with a civil engineering background."
student_5,Civil Engineering,Urban Planning and Sustainable Infrastructure,Environmental Engineering,No,Analytics,3,0.37,0.0,No,"The program does not align with my specific interests in urban planning and sustainable infrastructure, nor does it focus on environmental engineering which is a key area of my professional interest."
student_6,Geoscience,Earth Systems and Environmental Monitoring,Energy and Natural Resource Management,Yes,Geo Science,1,0.6,95.0,Yes,"The program aligns well with my academic and professional interests in Earth systems, environmental monitoring, and natural resource management. The availability of specialized labs and concentrations in geophysics and environmental geoscience would greatly enhance my skills."
student_6,Geoscience,Earth Systems and Environmental Monitoring,Energy and Natural Resource Management,Yes,Engineering,2,0.43,85.0,Yes,"The program aligns well with my interests in energy and natural resource management, as the concentrations offered include aerospace and mechanical engineering, which are relevant to these fields."
student_6,Geoscience,Earth Systems and Environmental Monitoring,Energy and Natural Resource Management,Yes,Analytics,3,0.4,0.0,No,"The program does not align with my interests in Earth Systems and Environmental Monitoring, nor does it focus on energy and natural resource management, which are my professional interests."
student_7,Philosophy,Ethics and Logic,Law and Policy Research,No,Philosophy,1,0.43,90.0,Yes,"The program's focus on pluralism and its recognition in various areas of philosophy aligns well with my interest in ethics and logic. Additionally, the opportunity to engage with a journal like Res Philosophica is appealing."
student_7,Philosophy,Ethics and Logic,Law and Policy Research,No,Artificial Intelligence,2,0.34,10.0,No,"While the program's focus on ethics and societal impact aligns with my interest in law and policy research, my academic background in philosophy does not provide the necessary technical foundation for a master's degree in artificial intelligence."
student_7,Philosophy,Ethics and Logic,Law and Policy Research,No,Information Systems,3,0.3,10.0,No,"While the program seems relevant to fields I am interested in, my background is in philosophy and ethics, which doesn't align closely with information systems development or analytics."
student_8,Information Systems,Data Governance and Cybersecurity,IT Management,Yes,Information Systems,1,0.58,95.0,Yes,"The program aligns well with my academic and professional interests in data governance, cybersecurity, and IT management."
student_8,Information Systems,Data Governance and Cybersecurity,IT Management,Yes,Computer Science,2,0.51,0.0,No,"The program does not align with my interests in data governance and cybersecurity, which are more aligned with information systems. Additionally, I am seeking a role in IT management rather than pursuing advanced academic work."
student_8,Information Systems,Data Governance and Cybersecurity,IT Management,Yes,Analytics,3,0.41,95.0,Yes,"The program's focus on data governance and cybersecurity aligns well with my academic and professional interests. Additionally, the opportunity to gain project management and decision-making skills is attractive."
student_9,Biology,Neuroscience and Computational Biology,Healthcare Analytics,Yes,Chemistry,1,0.39,0.0,No,"The program does not align with my academic and professional interests in neuroscience, computational biology, and healthcare analytics. It focuses primarily on chemistry disciplines without clear overlap with my background in biology."
student_9,Biology,Neuroscience and Computational Biology,Healthcare Analytics,Yes,Artificial Intelligence,2,0.38,20.0,No,"While the program seems interesting, my background is in biology and my professional interests lie more in healthcare analytics rather than artificial intelligence or machine learning."
student_9,Biology,Neuroscience and Computational Biology,Healthcare Analytics,Yes,Analytics,3,0.37,90.0,Yes,"The program aligns well with my interest in healthcare analytics and computational biology, as it offers relevant coursework in statistical techniques and project management."
