student_id,student_background,student_academic_interests,student_professional_interests,student_previous_work_experience,course,rank,similarity,answer_yes_no,rationale
student_1,Computer Science,Machine Learning and Data Mining,Software Development and AI Research,Yes,Computer Science,1,0.593832,Yes,"Given your background in Computer Science and specific interests in Machine Learning, Data Mining, Software Development, and AI Research, this program aligns well with your academic and professional goals. The project-based curriculum and focus on cutting-edge areas like artificial intelligence would provide you with valuable opportunities to deepen your expertise and engage in research."
student_1,Computer Science,Machine Learning and Data Mining,Software Development and AI Research,Yes,Artificial Intelligence,2,0.589104,Yes,"Given your background in Computer Science and interests in Machine Learning and Data Mining, along with a professional interest in AI Research, this program aligns well with your academic and career goals. The opportunity to specialize in areas like Autonomous systems or Natural language processing could provide you with advanced skills and knowledge in AI."
student_1,Computer Science,Machine Learning and Data Mining,Software Development and AI Research,Yes,Analytics,3,0.48868,Yes,"Given your background in Computer Science and interests in Machine Learning and Data Mining, the Master of Science in Analytics program at Saint Louis University aligns well with your professional aspirations in AI Research. The program's focus on analytics techniques and project management skills would complement your existing knowledge and enhance your capabilities in software development and AI research."
student_10,Electrical Engineering,Embedded Systems and AI Hardware,Hardware Design for AI Systems,No,Artificial Intelligence,1,0.490585,Yes,"Given your background in Electrical Engineering with a focus on Embedded Systems and AI Hardware, this program aligns well with your interests in hardware design for AI systems. The curriculum covers both the theoretical foundations of AI and its practical applications, which would be beneficial for your career goals."
student_10,Electrical Engineering,Embedded Systems and AI Hardware,Hardware Design for AI Systems,No,Computer Science,2,0.479745,Yes,"Given your background in Electrical Engineering with a focus on Embedded Systems and AI Hardware, as well as your professional interest in hardware design for AI systems, SLU's computer science program aligns well with your goals. The project-based curriculum and emphasis on cutting-edge areas like artificial intelligence could provide you with the advanced knowledge and practical experience needed to advance in this field."
student_10,Electrical Engineering,Embedded Systems and AI Hardware,Hardware Design for AI Systems,No,Engineering,3,0.462548,Yes,"Given your background in Electrical Engineering and specific interests in Embedded Systems and AI Hardware, this program's concentration in electrical and computer engineering aligns well with your professional goals. The opportunity to personalize your curriculum and engage in research and collaboration could significantly enhance your expertise in hardware design for AI systems."
student_11,Psychology,Cognitive Science and Behavioral Research,Human-Computer Interaction and UX Research,Yes,Computer Science,1,0.410785,Yes,"Given your background in psychology and interests in cognitive science, behavioral research, human-computer interaction, and UX research, this program's focus on cutting-edge areas like artificial intelligence and the opportunity for project-based learning and faculty interactions align well with your professional goals."
student_11,Psychology,Cognitive Science and Behavioral Research,Human-Computer Interaction and UX Research,Yes,Engineering,2,0.389515,Yes,"Given your background in psychology and interests in cognitive science, behavioral research, human-computer interaction, and UX research, the M.S. in Engineering program at Saint Louis University could provide a unique opportunity to integrate these areas with engineering principles. The concentration options align well with your professional goals, especially if you are interested in applying psychological theories to technology and user experience design."
student_11,Psychology,Cognitive Science and Behavioral Research,Human-Computer Interaction and UX Research,Yes,Analytics,3,0.387423,Yes,"Given your background in psychology and interests in cognitive science, behavioral research, human-computer interaction, and UX research, the Master of Science in Analytics program at Saint Louis University could provide you with valuable skills to analyze complex data related to user behavior and interactions. This aligns well with your professional goals and can enhance your ability to design effective human-centered solutions."
student_12,Economics,Macroeconomics and Development Studies,Economic Policy Analysis,No,Analytics,1,0.369301,Yes,"Given your background in Economics and interest in Macroeconomics and Development Studies, the Master of Science in Analytics program could provide you with valuable skills in data analysis and project management. These skills would complement your existing knowledge and enhance your ability to analyze economic policies effectively."
student_12,Economics,Macroeconomics and Development Studies,Economic Policy Analysis,No,Information Systems,2,0.311874,No,"Given your background in Economics and interest in Macroeconomics and Development Studies, the Master of Science in Information Systems might not align closely with your current academic and professional interests. The program focuses on software development, analytics, and technical expertise rather than economic policy analysis or development studies."
student_12,Economics,Macroeconomics and Development Studies,Economic Policy Analysis,No,Artificial Intelligence,3,0.308909,No,"Given your background in economics and interests in macroeconomics and development studies, the Master of Science in Artificial Intelligence might not align directly with your current academic path. However, if you are interested in exploring how artificial intelligence can be applied to economic policy analysis or other relevant fields, this program could provide valuable skills and knowledge."
student_13,Architecture,Sustainable Design and Urban Aesthetics,Green Building Design,Yes,Engineering,1,0.418177,Yes,"Given your background in architecture and interest in sustainable design, this program could provide you with the technical skills needed for green building design while allowing you to explore related engineering fields. The concentration options align well with your professional interests in green building design."
student_13,Architecture,Sustainable Design and Urban Aesthetics,Green Building Design,Yes,Geo Science,2,0.329592,No,"While the program's focus on Earth processes and environmental geoscience aligns with some of your interests, it does not directly relate to sustainable design or green building design, which are more aligned with architectural studies."
student_13,Architecture,Sustainable Design and Urban Aesthetics,Green Building Design,Yes,Information Systems,3,0.327547,No,"While the program offers valuable skills in software development and analytics, your background in architecture with a focus on sustainable design and green building does not align well with the core curriculum of information systems. Consider programs that offer a blend of technology and sustainability or urban planning for a more relevant experience."
student_14,Political Science,International Relations and Governance,Public Policy and Diplomacy,No,Geo Science,1,0.287861,No,"Given your background in Political Science and interests in International Relations and Governance, the Master of Science in Geoscience program may not align well with your current academic and professional goals. The focus on Earth processes and scientific methodologies might be better suited for someone with a strong interest in environmental science or geology rather than public policy and diplomacy."
student_14,Political Science,International Relations and Governance,Public Policy and Diplomacy,No,Engineering,2,0.254279,No,"Given your background in Political Science and interests in International Relations, Public Policy, and Diplomacy, the Engineering program may not align closely with your current academic and professional goals. However, if you are open to exploring how engineering principles can be applied to public policy or international relations, this could be a valuable interdisciplinary opportunity."
student_14,Political Science,International Relations and Governance,Public Policy and Diplomacy,No,Artificial Intelligence,3,0.246201,No,"Given your background in Political Science and interests in International Relations, Public Policy, and Diplomacy, the Master of Science in Artificial Intelligence might not be the best fit at this time. Your current focus seems more aligned with traditional policy and governance issues rather than the technical aspects of AI that this program emphasizes."
student_15,Media Studies,Digital Media and Communication Theory,Content Strategy and Journalism,No,Information Systems,1,0.341771,No,"Given your background in Media Studies and interests in Digital Media and Communication Theory, the Master of Science in Information Systems might not align closely with your current academic and professional goals. The program focuses on software development, analytics, and technical expertise rather than content strategy or journalism, which are more aligned with your stated interests."
student_15,Media Studies,Digital Media and Communication Theory,Content Strategy and Journalism,No,Engineering,2,0.306557,No,"Given your background in Media Studies and interests in Digital Media and Communication Theory, the Engineering program may not align closely with your current academic and professional goals. However, if you are open to exploring how engineering principles can be applied to digital media or content strategy, this could still be a valuable opportunity for interdisciplinary learning."
student_15,Media Studies,Digital Media and Communication Theory,Content Strategy and Journalism,No,Analytics,3,0.280119,Yes,"Given your background in Media Studies and interest in Digital Media, this program could provide you with valuable skills in data analysis that can be applied to content strategy and journalism. The focus on analytics and decision-making aligns well with your professional interests."
student_16,Mathematics,Applied Math and Theoretical Modeling,Quantitative Finance and Risk Analytics,Yes,Analytics,1,0.448576,Yes,"Given your background in mathematics and interests in applied math, theoretical modeling, quantitative finance, and risk analytics, the Master of Science in Analytics program at Saint Louis University aligns well with your career goals. The program's focus on statistical techniques, project management, and decision-making skills would be particularly beneficial for advancing your career in quantitative finance and risk analytics."
student_16,Mathematics,Applied Math and Theoretical Modeling,Quantitative Finance and Risk Analytics,Yes,Engineering,2,0.34568,Yes,"Given your background in mathematics and interests in applied math, theoretical modeling, quantitative finance, and risk analytics, the Master of Science in Engineering program at Saint Louis University aligns well with your career goals. The opportunity to customize your curriculum and engage in research and collaboration could provide valuable experience in these areas."
student_16,Mathematics,Applied Math and Theoretical Modeling,Quantitative Finance and Risk Analytics,Yes,Computer Science,3,0.34338,Yes,"Given your background in mathematics and interests in applied math and theoretical modeling, along with your professional interest in quantitative finance and risk analytics, this computer science program aligns well with your goals. The project-based curriculum and focus on cutting-edge areas like artificial intelligence and high-performance computing could provide valuable skills for your career in quantitative finance."
student_17,Fine Arts,Visual Communication and Art History,Digital Art and Design Consultancy,No,Engineering,1,0.358449,No,"Given your background in Fine Arts and interests in Visual Communication and Art History, the Engineering program may not align closely with your current professional goals. However, if you are open to exploring how engineering can enhance your digital art and design consultancy work, this could be a valuable opportunity for interdisciplinary growth."
student_17,Fine Arts,Visual Communication and Art History,Digital Art and Design Consultancy,No,Information Systems,2,0.342785,No,"Given your background in Fine Arts and interests in Visual Communication and Art History, the Master of Science in Information Systems might not align well with your current professional goals in Digital Art and Design Consultancy. The program focuses on software development, analytics, and technical expertise rather than creative arts, which could limit its relevance to your career aspirations."
student_17,Fine Arts,Visual Communication and Art History,Digital Art and Design Consultancy,No,Geo Science,3,0.332168,No,"Given your background in Fine Arts and interests in Visual Communication and Art History, the Master of Science in Geoscience program may not align well with your current academic and professional goals. The focus on physics, chemistry, and Earth processes might be challenging without prior relevant experience."
student_18,Law,Corporate and Intellectual Property Law,Legal Consulting for Startups,Yes,Information Systems,1,0.319076,No,"While the program offers valuable skills in software development and analytics, it may not align closely with your background in law and specific interests in corporate and intellectual property law. Given your professional interest in legal consulting for startups, you might find more relevant coursework in a law or business administration program that focuses on technology law and startup support."
student_18,Law,Corporate and Intellectual Property Law,Legal Consulting for Startups,Yes,Artificial Intelligence,2,0.301667,Yes,"Given your background in law and interest in corporate and intellectual property law, along with your professional interest in legal consulting for startups, the Master of Science in Artificial Intelligence could provide you with valuable skills to understand and advise on AI-related legal issues. The program's focus on ethical considerations and societal impact aligns well with your interests in navigating complex legal challenges in the tech industry."
student_18,Law,Corporate and Intellectual Property Law,Legal Consulting for Startups,Yes,Engineering,3,0.295058,No,"Given your background in law and specific interests in corporate and intellectual property law, the engineering program may not align closely with your current professional goals. However, if you are open to exploring how engineering could complement your legal consulting work for startups, it might still be worth considering."
student_19,Medicine,Public Health and Epidemiology,Healthcare Policy and Management,Yes,Chemistry,1,0.27781,No,"Given your background in medicine and interests in public health, epidemiology, healthcare policy, and management, the Chemistry program at Saint Louis University may not align closely with your career goals. The focus on research in chemistry does not directly complement your current academic and professional interests."
student_19,Medicine,Public Health and Epidemiology,Healthcare Policy and Management,Yes,Neurology,2,0.26314,No,"Given your background in medicine and interests in public health, epidemiology, and healthcare policy, the Neurology program may not align as closely with your career goals. The program focuses more on clinical care, research, and training neurologists rather than public health or policy aspects."
student_19,Medicine,Public Health and Epidemiology,Healthcare Policy and Management,Yes,Artificial Intelligence,3,0.260791,Yes,"Given your background in medicine and interests in public health, epidemiology, healthcare policy, and management, this program could provide you with valuable skills to apply AI and machine learning in these fields. The opportunity to engage in specialized areas like health outcomes aligns well with your professional goals."
student_2,Mechanical Engineering,"Aerospace, and automotive engineering",Aerospace Design and Automation,No,Engineering,1,0.54577,Yes,"Given your background in mechanical engineering and specific interests in aerospace and automotive design, this program aligns well with your professional goals. The concentration options and personalized curriculum would provide you with the specialized knowledge and practical experience needed for a career in aerospace design and automation."
student_2,Mechanical Engineering,"Aerospace, and automotive engineering",Aerospace Design and Automation,No,Aviation,2,0.404184,Yes,"Given your background in mechanical engineering with a focus on aerospace and automotive engineering, as well as your interest in aerospace design and automation, the Master of Science in Aviation from Saint Louis University aligns well with your career goals. The program's online format would allow you to pursue advanced studies while potentially maintaining your current professional commitments."
student_2,Mechanical Engineering,"Aerospace, and automotive engineering",Aerospace Design and Automation,No,Analytics,3,0.340175,No,"Given your background in mechanical engineering and specific interests in aerospace and automotive design, the Master of Science in Analytics program may not align closely with your current professional goals. The program focuses on analytics and data analysis techniques, which might be more beneficial for a career shift or further specialization in data-related fields rather than your current interest in aerospace design and automation."
student_20,Linguistics,Computational Linguistics and Semantics,Natural Language Processing Research,No,Artificial Intelligence,1,0.366317,Yes,"Given your background in Linguistics and interests in Computational Linguistics and Natural Language Processing, this program aligns well with your career goals in Natural Language Processing research. The focus on applying AI/ML techniques, particularly in NLP, would be a great fit for you."
student_20,Linguistics,Computational Linguistics and Semantics,Natural Language Processing Research,No,Computer Science,2,0.354533,Yes,"Given your background in linguistics and interests in computational linguistics, semantics, and natural language processing research, SLU's computer science program aligns well with your academic and professional goals. The project-based curriculum and focus on cutting-edge areas like artificial intelligence would provide a strong foundation for your research aspirations."
student_20,Linguistics,Computational Linguistics and Semantics,Natural Language Processing Research,No,Analytics,3,0.295965,No,"While the program's focus on analytics and data management aligns with some aspects of computational linguistics, your specific interests in natural language processing research might be better served by a program that focuses more directly on computational linguistics or NLP. The current program seems to have a broader scope that may not fully cater to your specialized interests."
student_21,Sociology,Social Systems and Inequality Studies,NGO Policy Research and Social Impact,Yes,Analytics,1,0.316332,Yes,"Given your background in sociology and interest in social systems and inequality studies, along with your professional focus on NGO policy research and social impact, the Master of Science in Analytics program could provide you with valuable analytical skills to address complex organizational problems related to social issues."
student_21,Sociology,Social Systems and Inequality Studies,NGO Policy Research and Social Impact,Yes,Information Systems,2,0.291365,No,"While your background in sociology and interest in social systems align with the program's focus on evidence-based decision-making, the core curriculum of software development and analytics may not directly align with your professional interests in NGO policy research and social impact."
student_21,Sociology,Social Systems and Inequality Studies,NGO Policy Research and Social Impact,Yes,Engineering,3,0.257393,No,"Given your background in sociology and interests in social systems and inequality, the engineering program may not align closely with your current academic and professional focus. However, if you are looking to expand your skill set or apply sociological principles to technological challenges, this could be a valuable opportunity for interdisciplinary growth."
student_22,Physics,Quantum Mechanics and Computational Physics,Scientific Computing and Research,No,Computer Science,1,0.391401,Yes,"Given your background in physics and interests in quantum mechanics and computational physics, this program's focus on scientific computing and research aligns well with your academic and professional goals. The project-based curriculum and opportunities for faculty interaction could provide a robust platform to explore advanced areas of computer science relevant to your interests."
student_22,Physics,Quantum Mechanics and Computational Physics,Scientific Computing and Research,No,Engineering,2,0.388767,Yes,"Given your background in physics and interests in quantum mechanics and computational physics, the M.S. in Engineering program at Saint Louis University could be a great fit, especially with concentrations in aerospace or mechanical engineering that align well with these areas."
student_22,Physics,Quantum Mechanics and Computational Physics,Scientific Computing and Research,No,Geo Science,3,0.381084,No,"While your background in physics and interests in quantum mechanics and computational physics could be valuable, the program focuses on applying these principles to geoscience rather than pure physics. Given your lack of work experience and the specific focus areas of the program, it might not align well with your current career goals."
student_23,Anthropology,Cultural Anthropology and Field Research,Museum Curation and Cultural Preservation,Yes,Geo Science,1,0.32355,No,"While the program's focus on Earth processes and its facilities are impressive, your background in anthropology with specific interests in cultural anthropology and field research suggests a mismatch with the geoscience program's emphasis on physical and chemical studies."
student_23,Anthropology,Cultural Anthropology and Field Research,Museum Curation and Cultural Preservation,Yes,Philosophy,2,0.303313,No,"While the program's focus on diverse philosophical interests and its commitment to social justice align with some of your broader academic goals, it may not directly align with your specific interests in cultural anthropology and field research. The program does not explicitly mention cultural studies or fieldwork methods that are central to your background and interests."
student_23,Anthropology,Cultural Anthropology and Field Research,Museum Curation and Cultural Preservation,Yes,Chemistry,3,0.301271,No,"While the program offers interesting opportunities, your background in anthropology and interests in cultural preservation do not align closely with the chemistry specialization. The program's focus on chemical research may not provide direct relevance to your career goals in museum curation and cultural preservation."
student_24,Statistics,Predictive Modeling and Inference,Data Science and Business Intelligence,Yes,Analytics,1,0.46837,Yes,"Given your background in statistics and interests in predictive modeling, inference, data science, and business intelligence, Saint Louis University's Master of Science in Analytics program aligns well with your professional goals. The program's focus on project management, decision-making, and effective communication of complex data would be particularly beneficial for you."
student_24,Statistics,Predictive Modeling and Inference,Data Science and Business Intelligence,Yes,Information Systems,2,0.389593,Yes,"Given your background in statistics and interests in predictive modeling, this program's focus on analytics aligns well with your skills. Additionally, the opportunity to tailor your education through complementary certificates could enhance your expertise in data science and business intelligence, making you a strong candidate for roles in these fields."
student_24,Statistics,Predictive Modeling and Inference,Data Science and Business Intelligence,Yes,Artificial Intelligence,3,0.383756,Yes,"Given your background in statistics and interests in predictive modeling, this program aligns well with your desire to apply AI methods efficiently and ethically. The specialization options in data science and health outcomes could be particularly relevant to your professional interests in business intelligence."
student_25,Education,Learning Technologies and Pedagogy,Instructional Design,No,Information Systems,1,0.449502,No,"While the program's focus on software development and analytics might seem less aligned with your interests in learning technologies and pedagogy, it does offer opportunities to earn certificates that could complement your instructional design goals. However, given your background in education and current interests, you might find more direct relevance in a program focused specifically on educational technology or instructional design."
student_25,Education,Learning Technologies and Pedagogy,Instructional Design,No,Computer Science,2,0.425614,Yes,"Given your interest in Learning Technologies and Pedagogy, as well as Instructional Design, the program's focus on cutting-edge areas like artificial intelligence and computer security could provide valuable interdisciplinary skills. However, it might not directly align with your current academic background in education, which is why I recommend considering how these technical skills can complement your existing knowledge base."
student_25,Education,Learning Technologies and Pedagogy,Instructional Design,No,Engineering,3,0.417619,No,"Given your academic background in education and interests in learning technologies and pedagogy, the engineering program may not align well with your current professional goals. The program focuses on technical areas like aerospace, mechanical, civil, or electrical engineering, which might not provide direct application to your current field of interest."
student_26,Environmental Science,Climate Change and Resource Management,Sustainability Consulting,Yes,Geo Science,1,0.447851,Yes,"Given your background in Environmental Science and interests in Climate Change and Resource Management, the Master of Science in Geoscience program could provide you with advanced knowledge and skills relevant to sustainability consulting. The program's focus on Earth processes and concentrations in environmental geoscience align well with your professional goals."
student_26,Environmental Science,Climate Change and Resource Management,Sustainability Consulting,Yes,Analytics,2,0.345333,Yes,"Given your background in Environmental Science and interest in sustainability, the Master of Science in Analytics program could provide you with valuable skills to address complex environmental issues through data-driven approaches. The program's focus on project management and decision-making aligns well with your professional interests in sustainability consulting."
student_26,Environmental Science,Climate Change and Resource Management,Sustainability Consulting,Yes,Engineering,3,0.323243,Yes,"Given your background in environmental science and interests in climate change and resource management, the Master of Science in Engineering program could provide you with the technical skills needed for sustainability consulting. The concentration options align well with your professional goals, especially if you are interested in applying engineering principles to solve environmental issues."
student_27,Nursing,Patient Care and Clinical Research,Healthcare Administration,Yes,Chemistry,1,0.329363,No,"Given the student's background in nursing and interests in patient care and clinical research, a master's program in chemistry might not align closely with her career goals in healthcare administration. While the interdisciplinary opportunities could be beneficial, they may not provide direct application to her current professional interests."
student_27,Nursing,Patient Care and Clinical Research,Healthcare Administration,Yes,Artificial Intelligence,2,0.290416,Yes,"Given your background in nursing and interest in patient care, this program could provide you with valuable skills to enhance healthcare through AI. The focus on ethical considerations and practical applications aligns well with your professional interests in healthcare administration."
student_27,Nursing,Patient Care and Clinical Research,Healthcare Administration,Yes,Neurology,3,0.284389,Yes,"Given your background in nursing and interest in patient care and clinical research, along with your professional interest in healthcare administration, the Neurology program at Saint Louis University aligns well with your goals. The program's focus on providing exceptional neurological care and conducting research could offer you valuable experience and knowledge to advance your career in healthcare administration."
student_28,History,Modern History and Archival Research,Academic Research and Writing,No,Engineering,1,0.320454,No,"Given your background in history and interests in modern history and archival research, the engineering program may not align directly with your current academic and professional goals. However, if you are open to exploring interdisciplinary applications of history or looking to transition into a field that combines research and writing with technical skills, this could be an interesting opportunity."
student_28,History,Modern History and Archival Research,Academic Research and Writing,No,Analytics,2,0.313096,No,"Given your background in history and interest in modern history, the Master of Science in Analytics program may not align directly with your current academic interests. However, if you are open to exploring how analytical techniques can be applied to historical research or if you plan to transition into a field that requires data analysis skills, this could be a valuable addition to your skill set."
student_28,History,Modern History and Archival Research,Academic Research and Writing,No,Geo Science,3,0.289411,No,"Given your background in history and lack of experience in geoscience, the program's focus on physics, chemistry, and Earth processes may not align well with your current interests and skills."
student_29,Chemistry and Computer Science,Cheminformatics and Computational Chemistry,Drug Discovery and Data Science,Yes,Chemistry,1,0.558723,Yes,"Given your background in both chemistry and computer science, as well as your interests in cheminformatics and computational chemistry, this program aligns well with your academic and professional goals. The opportunity to engage in interdisciplinary research and access advanced instrumentation could significantly enhance your skills in drug discovery and data science."
student_29,Chemistry and Computer Science,Cheminformatics and Computational Chemistry,Drug Discovery and Data Science,Yes,Geo Science,2,0.472567,No,"Your background in chemistry and computer science, along with interests in cheminformatics and computational chemistry, do not align well with the geoscience program's focus on physics and chemistry applied to Earth processes. The program's concentrations are more aligned with geological and geophysical studies rather than your specific interests in drug discovery and data science."
student_29,Chemistry and Computer Science,Cheminformatics and Computational Chemistry,Drug Discovery and Data Science,Yes,Analytics,3,0.404141,Yes,"Given your background in chemistry and computer science, along with interests in cheminformatics and computational chemistry, this program's focus on analytics and data science aligns well with your professional goals in drug discovery. The course content and skills you'll acquire, such as project management and decision-making, will be valuable for advancing your career in these fields."
student_3,Business Administration,Business Analytics and Finance,Data Analytics for Consulting,Yes,Analytics,1,0.533003,Yes,"Given your background in Business Administration and interest in Business Analytics and Finance, along with your professional interest in Data Analytics for Consulting, this program aligns well with your career goals. The curriculum focuses on practical skills like project management and decision-making, which are highly relevant to your interests and previous work experience."
student_3,Business Administration,Business Analytics and Finance,Data Analytics for Consulting,Yes,Information Systems,2,0.357005,Yes,"Given your background in Business Administration and interest in Business Analytics and Finance, this program's focus on data analytics and evidence-based decision-making aligns well with your professional interests. The opportunity to tailor your education through complementary certificates could enhance your skills for a career in consulting."
student_3,Business Administration,Business Analytics and Finance,Data Analytics for Consulting,Yes,Computer Science,3,0.306701,Yes,"Given your background in Business Administration and interest in Business Analytics, the program's focus on data analytics and its project-based approach with faculty interaction aligns well with your professional interests in Data Analytics for Consulting. While the program is more technical, it offers a strong foundation in computing systems and software development that could complement your existing skills and enhance your career prospects in consulting."
student_30,Agricultural Engineering,Precision Agriculture and Robotics,AgriTech Innovation and Product Development,Yes,Engineering,1,0.419814,Yes,"Given your background in Agricultural Engineering and interests in Precision Agriculture and Robotics, the Master of Science in Engineering program at Saint Louis University offers a great opportunity to expand your knowledge into AgriTech innovation and product development. The personalized curriculum aligns well with your professional goals, and the emphasis on research and collaboration could be particularly beneficial for advancing your career in this field."
student_30,Agricultural Engineering,Precision Agriculture and Robotics,AgriTech Innovation and Product Development,Yes,Artificial Intelligence,2,0.382611,Yes,"Given your background in Agricultural Engineering and interests in Precision Agriculture and Robotics, this program's focus on applying AI and ML to specialized areas like Autonomous systems aligns well with your career goals in AgriTech innovation."
student_30,Agricultural Engineering,Precision Agriculture and Robotics,AgriTech Innovation and Product Development,Yes,Analytics,3,0.372344,Yes,"Given your background in Agricultural Engineering and interest in Precision Agriculture, the Master of Science in Analytics program could provide you with valuable skills in data analysis and project management. These skills can be directly applied to AgriTech innovation and product development, enhancing your ability to solve complex problems in agriculture through advanced analytics techniques."
student_4,Chemistry,Organic and Materials Chemistry,Pharmaceutical Research,Yes,Chemistry,1,0.524869,Yes,"Given your background in chemistry and interests in organic and materials chemistry, along with your professional interest in pharmaceutical research, this program aligns well with your goals. The opportunity for close mentoring and interdisciplinary research could provide valuable experience and resources to advance your career in pharmaceutical research."
student_4,Chemistry,Organic and Materials Chemistry,Pharmaceutical Research,Yes,Geo Science,2,0.414523,No,"Given your background in chemistry and interest in organic and materials chemistry, the Geo Science program may not align well with your career goals in pharmaceutical research. The focus on geology, geophysics, and environmental geoscience might not provide direct applications to your current interests or professional aspirations."
student_4,Chemistry,Organic and Materials Chemistry,Pharmaceutical Research,Yes,Engineering,3,0.306901,Yes,"Given your background in chemistry and interest in materials and organic chemistry, along with your professional goal in pharmaceutical research, the M.S. in Engineering program at Saint Louis University could provide you with valuable skills and knowledge in areas like materials science and chemical engineering, which are relevant to pharmaceutical research. The personalized curriculum and industry connections would also enhance your career prospects."
student_5,Civil Engineering,Urban Planning and Sustainable Infrastructure,Environmental Engineering,No,Engineering,1,0.542222,Yes,"This program aligns well with your academic and professional interests in Civil Engineering, particularly Urban Planning and Sustainable Infrastructure, as well as Environmental Engineering. The personalized curriculum and opportunities for research and collaboration could provide a strong foundation for your career goals."
student_5,Civil Engineering,Urban Planning and Sustainable Infrastructure,Environmental Engineering,No,Geo Science,2,0.463197,No,"While the program's focus on geoscience aligns with environmental engineering interests, it may not directly support your current academic and professional goals in urban planning and sustainable infrastructure."
student_5,Civil Engineering,Urban Planning and Sustainable Infrastructure,Environmental Engineering,No,Analytics,3,0.373175,Yes,"Given your background in Civil Engineering and interest in Urban Planning and Sustainable Infrastructure, the Master of Science in Analytics program could provide you with valuable skills in data analysis and project management. These skills can be particularly useful for addressing complex environmental challenges in urban settings."
student_6,Geoscience,Earth Systems and Environmental Monitoring,Energy and Natural Resource Management,Yes,Geo Science,1,0.604853,Yes,"Given your background in geoscience and interests in Earth systems, environmental monitoring, and natural resource management, this program aligns well with your academic and professional goals. The concentrations offered and the available facilities could provide you with valuable skills for a career in energy and natural resource management."
student_6,Geoscience,Earth Systems and Environmental Monitoring,Energy and Natural Resource Management,Yes,Engineering,2,0.434308,Yes,"Given your background in geoscience and interests in Earth systems, environmental monitoring, and natural resource management, the M.S. in Engineering program at Saint Louis University could provide a unique opportunity to apply your skills to engineering solutions that address these areas, particularly through its concentrations in mechanical or civil engineering."
student_6,Geoscience,Earth Systems and Environmental Monitoring,Energy and Natural Resource Management,Yes,Analytics,3,0.404768,Yes,"Given your background in geoscience and interest in environmental monitoring, along with your professional interests in energy and natural resource management, the Master of Science in Analytics program at Saint Louis University could provide you with valuable skills to analyze complex datasets related to these fields. The program's focus on project management and decision-making aligns well with your career goals."
student_7,Philosophy,Ethics and Logic,Law and Policy Research,No,Philosophy,1,0.433907,Yes,"Given your academic background in Philosophy and interests in Ethics and Logic, this program aligns well with your goals. The department's focus on social-political philosophy and action theory could provide a strong foundation for your interest in Law and Policy Research."
student_7,Philosophy,Ethics and Logic,Law and Policy Research,No,Artificial Intelligence,2,0.339502,Yes,"Given your background in philosophy with a focus on ethics and logic, as well as your interest in law and policy research, this program aligns well with your desire to understand the ethical implications of artificial intelligence. The opportunity to engage deeply with AI theory and its practical applications, including a thesis or capstone project, would provide you with valuable skills for addressing societal impacts of technology."
student_7,Philosophy,Ethics and Logic,Law and Policy Research,No,Information Systems,3,0.302074,No,"Given your background in philosophy with a focus on ethics and logic, the program's emphasis on ethical decision-making and leadership might not align closely with your current interests in law and policy research. Additionally, your lack of work experience may make it challenging to directly apply the technical skills taught in this program towards your professional goals."
student_8,Information Systems,Data Governance and Cybersecurity,IT Management,Yes,Information Systems,1,0.580965,Yes,"Given your background in Information Systems and interests in Data Governance, Cybersecurity, and IT Management, this program aligns well with your career goals. The curriculum covers essential skills like software development and analytics, which can complement your existing expertise and enhance your professional capabilities."
student_8,Information Systems,Data Governance and Cybersecurity,IT Management,Yes,Computer Science,2,0.510991,Yes,"Given your background in Information Systems and interests in Data Governance, Cybersecurity, and IT Management, this program's focus on cutting-edge areas like computer security aligns well with your professional goals. The project-based curriculum and opportunity for research could provide valuable experience and enhance your expertise in these fields."
student_8,Information Systems,Data Governance and Cybersecurity,IT Management,Yes,Analytics,3,0.411542,Yes,"Given your background in Information Systems and interests in Data Governance, Cybersecurity, and IT Management, the Master of Science in Analytics program at Saint Louis University aligns well with your career goals. The program's focus on project management, decision-making, and effective communication of complex data could enhance your skills and make you a strong candidate for leadership roles in IT management."
student_9,Biology,Neuroscience and Computational Biology,Healthcare Analytics,Yes,Chemistry,1,0.391376,No,"While the program offers interesting opportunities, your background in biology and interests in neuroscience and computational biology might be better suited to a program with a stronger focus on those areas. The chemistry program at Saint Louis University seems more aligned with traditional chemistry disciplines rather than interdisciplinary research involving biology and healthcare analytics."
student_9,Biology,Neuroscience and Computational Biology,Healthcare Analytics,Yes,Artificial Intelligence,2,0.384347,Yes,"Given your background in biology and interests in neuroscience and computational biology, along with your professional interest in healthcare analytics, this program aligns well with your goals. The opportunity to apply artificial intelligence and machine learning in specialized areas like bioinformatics and health outcomes could significantly enhance your expertise in these fields."
student_9,Biology,Neuroscience and Computational Biology,Healthcare Analytics,Yes,Analytics,3,0.365882,Yes,"Given your background in biology and interests in neuroscience and computational biology, along with your professional interest in healthcare analytics, this program's focus on applying statistical and analytical techniques to solve complex organizational problems aligns well with your goals. The opportunity to merge technology with human and organizational structures could provide valuable skills for advancing in healthcare analytics."
